City_ID,City,Country,Date,Lat,Lon,Max Temp,Humidity,Cloudiness,Wind Speed
0,Atuona,PF,2021-04-01 01:26:23,-9.8,-139.0333,80.74,77,44,12.44
1,Saint-Philippe,RE,2021-04-01 01:26:23,-21.3585,55.7679,78.8,78,0,9.22
2,Saskylakh,RU,2021-04-01 01:26:24,71.9167,114.0833,-26.12,99,100,7.52
3,Thunder Bay,CA,2021-04-01 01:24:56,48.4001,-89.3168,23.0,42,20,4.61
4,Saint-Augustin,CA,2021-04-01 01:26:24,51.226,-58.6502,19.63,91,100,3.38
5,Upernavik,GL,2021-04-01 01:26:24,72.7868,-56.1549,1.51,72,100,6.93
6,Choix,MX,2021-04-01 01:26:25,26.7092,-108.3219,87.67,11,100,8.12
7,George Town,MY,2021-04-01 01:26:25,5.4112,100.3354,84.2,83,20,3.44
8,Sola,VU,2021-04-01 01:26:25,-13.8833,167.55,87.8,79,90,4.61
9,Cape Town,ZA,2021-04-01 01:26:25,-33.9258,18.4232,62.01,88,20,9.22
10,Avarua,CK,2021-04-01 01:26:26,-21.2078,-159.775,82.4,69,75,12.66
11,Ushuaia,AR,2021-04-01 01:21:30,-54.8,-68.3,42.8,65,0,2.3
12,Pevek,RU,2021-04-01 01:26:26,69.7008,170.3133,-2.97,84,100,1.77
13,Busselton,AU,2021-04-01 01:26:26,-33.65,115.3333,69.01,82,100,1.99
14,Tasiilaq,GL,2021-04-01 01:26:27,65.6145,-37.6368,28.4,64,81,9.22
15,Longyearbyen,SJ,2021-04-01 01:26:27,78.2186,15.6401,28.4,74,75,17.27
16,Sinnamary,GF,2021-04-01 01:26:27,5.3833,-52.95,76.96,85,100,11.99
17,Imeni Poliny Osipenko,RU,2021-04-01 01:26:28,52.4201,136.4853,34.2,79,19,7.49
18,Punta Arenas,CL,2021-04-01 01:26:28,-53.15,-70.9167,46.4,81,0,4.61
19,Albany,US,2021-04-01 01:26:28,42.6001,-73.9662,51.01,70,100,11.01
20,Rikitea,PF,2021-04-01 01:26:29,-23.1203,-134.9692,78.51,72,100,14.34
21,Ust'-Kulom,RU,2021-04-01 01:26:29,61.6864,53.6902,31.82,95,100,5.37
22,Kudat,MY,2021-04-01 01:26:29,6.8837,116.8477,84.2,79,20,6.91
23,Morón,AR,2021-04-01 01:26:29,-34.6534,-58.6198,68.0,73,4,4.0
24,Talnakh,RU,2021-04-01 01:26:30,69.4865,88.3972,-20.85,84,11,5.86
25,Barrow,US,2021-04-01 01:24:56,71.2906,-156.7887,-4.0,59,1,23.02
26,Qaanaaq,GL,2021-04-01 01:26:30,77.484,-69.3632,-5.42,81,92,10.92
27,Hobart,AU,2021-04-01 01:24:35,-42.8794,147.3294,75.2,31,0,11.5
28,Vostok,RU,2021-04-01 01:26:31,46.4856,135.8833,36.86,72,8,6.02
29,Marrakesh,MA,2021-04-01 01:26:31,31.6315,-8.0083,60.8,72,0,3.44
30,Lavrentiya,RU,2021-04-01 01:26:31,65.5833,-171.0,5.54,73,10,3.65
31,Kapaa,US,2021-04-01 01:26:31,22.0752,-159.319,78.8,73,40,17.27
32,Hermanus,ZA,2021-04-01 01:26:32,-34.4187,19.2345,57.99,94,100,6.91
33,Naze,JP,2021-04-01 01:26:32,28.3667,129.4833,73.4,83,75,12.66
34,Butaritari,KI,2021-04-01 01:26:33,3.0707,172.7902,82.49,76,20,15.1
35,Hithadhoo,MV,2021-04-01 01:26:33,-0.6,73.0833,83.43,76,100,20.22
36,Joshīmath,IN,2021-04-01 01:26:33,30.5667,79.5667,44.02,30,0,8.08
37,Bredasdorp,ZA,2021-04-01 01:26:34,-34.5322,20.0403,59.0,88,100,4.61
38,Galway,IE,2021-04-01 01:26:34,53.2719,-9.0489,48.99,93,20,1.14
39,Sabang,ID,2021-04-01 01:26:34,5.8933,95.3214,81.0,80,100,27.0
40,Jamestown,US,2021-04-01 01:23:56,42.097,-79.2353,42.01,65,40,10.36
41,Airai,TL,2021-04-01 01:26:35,-8.9266,125.4092,65.82,90,100,0.38
42,Bluff,NZ,2021-04-01 01:26:35,-46.6,168.3333,64.0,63,100,3.0
43,Te Anau,NZ,2021-04-01 01:26:36,-45.4167,167.7167,64.06,37,100,0.4
44,Eureka,US,2021-04-01 01:26:36,40.8021,-124.1637,72.0,24,1,3.44
45,Yellowknife,CA,2021-04-01 01:26:36,62.456,-114.3525,24.8,54,75,9.22
46,Shunyi,CN,2021-04-01 01:22:06,40.125,116.6453,64.0,33,0,6.71
47,Burnie,AU,2021-04-01 01:26:37,-41.0667,145.9167,69.69,57,100,10.18
48,Kahului,US,2021-04-01 01:22:20,20.8947,-156.47,80.6,61,40,21.85
49,Vila Franca do Campo,PT,2021-04-01 01:26:37,37.7167,-25.4333,55.4,82,20,8.05
50,Gatesville,US,2021-04-01 01:26:38,31.4352,-97.7439,60.8,31,1,5.75
51,Port-Gentil,GA,2021-04-01 01:26:38,-0.7193,8.7815,75.74,84,100,5.39
52,Cidreira,BR,2021-04-01 01:26:38,-30.1811,-50.2056,68.31,74,14,12.59
53,Port Elizabeth,ZA,2021-04-01 01:24:52,-33.918,25.5701,64.4,77,0,10.36
54,Altay,CN,2021-04-01 01:26:39,47.8667,88.1167,24.76,59,100,5.21
55,Chokurdakh,RU,2021-04-01 01:26:39,70.6333,147.9167,3.13,94,86,5.08
56,Buenos Aires,AR,2021-04-01 01:23:15,-34.6132,-58.3772,68.0,68,40,14.97
57,Zapolyarnyy,RU,2021-04-01 01:26:39,69.4154,30.8136,33.8,86,90,11.5
58,Krasnosel'kup,RU,2021-04-01 01:26:40,65.7,82.4667,-18.26,96,32,8.66
59,Cabo San Lucas,MX,2021-04-01 01:26:40,22.8909,-109.9124,80.6,16,75,11.5
60,Vanavara,RU,2021-04-01 01:26:40,60.34,102.2797,5.95,86,100,5.3
61,Alofi,NU,2021-04-01 01:21:48,-19.0595,-169.9187,86.0,74,75,13.8
62,Bethel,US,2021-04-01 01:26:41,41.3712,-73.414,57.2,88,90,5.75
63,Kumul,CN,2021-04-01 01:26:41,42.8,93.45,44.04,28,5,9.31
64,Lorengau,PG,2021-04-01 01:26:42,-2.0226,147.2712,84.96,68,90,2.91
65,Ponta do Sol,PT,2021-04-01 01:26:42,32.6667,-17.1,57.99,71,25,1.99
66,Puerto Colombia,CO,2021-04-01 01:26:43,10.9878,-74.9547,80.6,74,0,12.66
67,Maragogi,BR,2021-04-01 01:26:43,-9.0122,-35.2225,79.03,83,83,9.55
68,Dankov,RU,2021-04-01 01:26:44,53.2515,39.1555,39.0,72,100,14.07
69,Mataura,NZ,2021-04-01 01:26:44,-46.1927,168.8643,64.0,63,99,3.0
70,Norman Wells,CA,2021-04-01 01:26:45,65.282,-126.8329,12.2,85,75,3.44
71,Cherskiy,RU,2021-04-01 01:26:45,68.75,161.3,9.28,71,100,2.21
72,Melfort,CA,2021-04-01 01:25:00,52.8667,-104.6177,37.4,65,100,11.5
73,San Nicolas,PH,2021-04-01 01:26:46,18.1725,120.5953,86.0,70,20,3.44
74,Narsaq,GL,2021-04-01 01:26:46,60.9167,-46.05,32.0,80,75,6.67
75,Dikson,RU,2021-04-01 01:26:47,73.5069,80.5464,-13.4,84,100,2.64
76,Snyder,US,2021-04-01 01:25:30,32.7179,-100.9176,57.2,21,1,6.91
77,Bulgan,MN,2021-04-01 01:26:47,48.8125,103.5347,30.69,77,100,4.61
78,Torbay,CA,2021-04-01 01:26:47,47.6666,-52.7314,27.0,80,20,2.3
79,Broome,US,2021-04-01 01:26:48,42.2506,-75.833,43.0,93,90,16.11
80,Abu Samrah,SY,2021-04-01 01:26:48,35.3029,37.1841,49.89,83,38,13.18
81,Husavik,IS,2021-04-01 01:26:48,66.0449,-17.3389,41.0,70,90,20.71
82,Biarritz,FR,2021-04-01 01:26:48,43.4801,-1.5556,71.6,39,0,5.75
83,San Patricio,US,2021-04-01 01:26:49,28.017,-97.5169,73.4,43,90,12.66
84,Half Moon Bay,US,2021-04-01 01:26:49,37.4636,-122.4286,80.6,21,1,3.44
85,Caravelas,BR,2021-04-01 01:26:50,-17.7125,-39.2481,74.28,92,100,5.35
86,Nara,JP,2021-04-01 01:26:50,34.6851,135.8049,63.0,51,0,4.61
87,Tuatapere,NZ,2021-04-01 01:26:51,-46.1333,167.6833,64.0,63,100,3.0
88,Corpus Christi,US,2021-04-01 01:26:51,27.8006,-97.3964,71.6,52,90,20.71
89,Vaini,TO,2021-04-01 01:26:51,-21.2,-175.2,86.0,74,75,10.36
90,Arrondissement de Saint-Gaudens,FR,2021-04-01 01:26:52,43.0833,0.6667,50.0,93,0,3.44
91,Paita,PE,2021-04-01 01:26:52,-5.0892,-81.1144,71.91,77,23,17.56
92,Souillac,MU,2021-04-01 01:26:52,-20.5167,57.5167,77.0,94,40,6.49
93,Khani,GE,2021-04-01 01:26:52,41.9563,42.9566,57.2,41,0,33.38
94,Lamu,KE,2021-04-01 01:26:53,-2.2717,40.902,82.4,89,75,6.91
95,Talcahuano,CL,2021-04-01 01:26:53,-36.7167,-73.1167,57.2,94,0,5.75
96,Hays,US,2021-04-01 01:26:54,30.0502,-98.0336,62.01,40,1,3.0
97,Port-Cartier,CA,2021-04-01 01:21:58,50.0334,-66.8654,37.99,81,90,14.97
98,Chernyshevskiy,RU,2021-04-01 01:26:54,63.0128,112.4714,2.44,93,100,2.33
99,Grand Forks,US,2021-04-01 01:26:54,47.9417,-97.4337,30.2,37,1,3.44
100,Boyolangu,ID,2021-04-01 01:26:55,-8.1181,111.8935,80.31,80,76,2.48
101,Kudahuvadhoo,MV,2021-04-01 01:26:55,2.6708,72.8944,83.55,71,100,18.52
102,San Antero,CO,2021-04-01 01:26:55,9.3741,-75.7589,83.21,75,100,9.71
103,Sibu,MY,2021-04-01 01:26:56,2.3,111.8167,82.4,78,20,4.61
104,Puerto Ayora,EC,2021-04-01 01:26:56,-0.7393,-90.3518,78.01,94,16,5.01
105,Djibouti,DJ,2021-04-01 01:26:56,11.5,42.5,75.2,50,1,7.56
106,Ulaangom,MN,2021-04-01 01:26:57,49.9811,92.0667,26.73,50,8,2.24
107,San Quintín,MX,2021-04-01 01:26:57,30.4833,-115.95,69.82,37,61,7.38
108,Ilulissat,GL,2021-04-01 01:26:57,69.2167,-51.1,15.8,73,75,2.3
109,Ubari,LY,2021-04-01 01:26:58,26.5921,12.7805,60.21,24,0,7.49
110,Berlevåg,NO,2021-04-01 01:26:58,70.8578,29.0864,33.51,91,100,12.97
111,Chui,UY,2021-04-01 01:26:59,-33.6971,-53.4616,61.66,77,96,6.98
112,Port Blair,IN,2021-04-01 01:26:59,11.6667,92.75,80.06,82,100,3.78
113,Saint Paul Harbor,US,2021-04-01 01:26:22,57.79,-152.4072,33.8,47,20,17.27
114,Kaitangata,NZ,2021-04-01 01:26:59,-46.2817,169.8464,59.0,62,22,11.99
115,Zhangaözen,KZ,2021-04-01 01:27:00,43.3,52.8,40.55,51,4,17.81
116,Deolāli,IN,2021-04-01 01:27:00,19.95,73.8333,70.95,53,11,6.08
117,Arrondissement de Millau,FR,2021-04-01 01:27:01,44.0833,2.9167,50.0,25,0,5.75
118,Leningradskiy,RU,2021-04-01 01:27:01,69.3833,178.4167,-2.15,84,100,2.53
119,Puerto Escondido,MX,2021-04-01 01:23:08,15.85,-97.0667,84.2,74,1,5.01
120,Atar,MR,2021-04-01 01:27:02,20.5169,-13.0499,83.19,16,100,10.38
121,Fortuna,US,2021-04-01 01:27:02,40.5982,-124.1573,72.0,22,1,11.5
122,Moussoro,TD,2021-04-01 01:27:02,13.6408,16.4901,71.13,11,77,11.81
123,Meaford,CA,2021-04-01 01:26:00,44.6001,-80.583,33.01,63,99,3.0
124,Tuktoyaktuk,CA,2021-04-01 01:27:03,69.4541,-133.0374,-11.2,77,40,21.85
125,Beringovskiy,RU,2021-04-01 01:27:03,63.05,179.3167,11.57,80,99,4.18
126,Urengoy,RU,2021-04-01 01:27:03,65.9667,78.3667,-11.51,87,70,13.94
127,Kenai,US,2021-04-01 01:27:04,60.5544,-151.2583,33.8,55,90,10.36
128,Kaoma,ZM,2021-04-01 01:27:04,-14.7833,24.8,58.77,89,19,5.23
129,Lebanon,US,2021-04-01 01:25:44,36.2081,-86.2911,46.0,45,20,4.61
130,Vila Velha,BR,2021-04-01 01:27:04,-20.3297,-40.2925,71.6,88,75,13.8
131,Marquette,US,2021-04-01 01:24:05,46.5333,-87.6335,21.99,77,100,12.64
132,Gushikawa,JP,2021-04-01 01:27:05,26.3544,127.8686,78.8,89,20,6.91
133,Mar del Plata,AR,2021-04-01 01:27:05,-38.0023,-57.5575,66.0,88,0,10.63
134,Hofn,IS,2021-04-01 01:27:05,64.2539,-15.2082,41.49,56,11,15.23
135,Hasaki,JP,2021-04-01 01:27:06,35.7333,140.8333,64.99,59,75,9.22
136,Fethiye,TR,2021-04-01 01:27:06,36.6217,29.1164,48.2,93,75,6.91
137,Kampong Chhnang,KH,2021-04-01 01:27:07,12.1667,104.55,84.65,62,100,9.28
138,Farnes,NO,2021-04-01 01:27:07,61.3167,7.8,20.32,88,67,3.4
139,Maniitsoq,GL,2021-04-01 01:27:08,65.4167,-52.9,25.48,94,100,27.16
140,Kendari,ID,2021-04-01 01:27:08,-3.945,122.4989,82.51,77,81,1.97
141,Praia da Vitória,PT,2021-04-01 01:24:39,38.7333,-27.0667,59.0,82,40,10.31
142,Brownsville,US,2021-04-01 01:27:08,25.9018,-97.4975,77.0,83,1,11.5
143,Meulaboh,ID,2021-04-01 01:27:09,4.1363,96.1285,74.08,90,100,5.08
144,Valkla,EE,2021-04-01 01:27:09,59.4744,25.3186,37.99,86,0,8.05
145,Coahuayana Viejo,MX,2021-04-01 01:27:09,18.7333,-103.6833,78.8,61,40,2.44
146,Cayenne,GF,2021-04-01 01:27:09,4.9333,-52.3333,80.01,83,20,8.05
147,Mandalgovi,MN,2021-04-01 01:27:10,45.7625,106.2708,37.54,59,100,3.96
148,Ola,RU,2021-04-01 01:27:10,59.5833,151.2833,25.5,78,45,2.86
149,Hilo,US,2021-04-01 01:27:11,19.7297,-155.09,78.8,65,1,8.05
150,Taoudenni,ML,2021-04-01 01:27:11,22.6783,-3.9836,81.52,7,41,11.39
151,Fairbanks,US,2021-04-01 01:27:11,64.8378,-147.7164,27.0,93,90,14.97
152,Hervey Bay,AU,2021-04-01 01:27:12,-25.2986,152.8535,75.0,77,9,8.01
153,Inhambane,MZ,2021-04-01 01:27:12,-23.865,35.3833,71.83,75,84,7.02
154,Lar,IN,2021-04-01 01:24:27,26.2039,83.9717,69.4,16,0,6.24
155,Denpasar,ID,2021-04-01 01:27:13,-8.65,115.2167,84.2,79,20,6.91
156,Fort Frances,CA,2021-04-01 01:23:01,48.5999,-93.4003,23.0,42,1,5.75
157,Monrovia,LR,2021-04-01 01:27:14,6.3005,-10.7969,77.0,94,24,5.68
158,Ostrovnoy,RU,2021-04-01 01:27:14,68.0531,39.5131,31.3,94,100,7.63
159,Siloam Springs,US,2021-04-01 01:27:14,36.1881,-94.5405,48.0,39,1,10.36
160,Otukpo,NG,2021-04-01 01:27:15,7.1913,8.1329,77.22,70,100,7.25
161,Salalah,OM,2021-04-01 01:27:15,17.0151,54.0924,77.0,25,0,2.3
162,Ancud,CL,2021-04-01 01:27:15,-41.8697,-73.8203,55.99,94,0,3.44
163,Haines Junction,CA,2021-04-01 01:27:15,60.7522,-137.5108,37.4,32,100,5.75
164,Laguna,US,2021-04-01 01:27:16,38.421,-121.4238,80.6,17,1,4.61
165,Portland,US,2021-04-01 01:22:53,45.5234,-122.6762,69.8,32,75,4.81
166,São José da Coroa Grande,BR,2021-04-01 01:27:16,-8.8978,-35.1478,79.21,83,78,9.64
167,Lázaro Cárdenas,MX,2021-04-01 01:27:16,17.9583,-102.2,79.41,56,96,6.35
168,Port Alfred,ZA,2021-04-01 01:27:17,-33.5906,26.891,64.99,86,73,12.77
169,Lüderitz,NA,2021-04-01 01:27:17,-26.6481,15.1594,66.43,61,0,12.88
170,Yar-Sale,RU,2021-04-01 01:27:17,66.8333,70.8333,9.43,94,100,21.68
171,Mayya,RU,2021-04-01 01:27:18,61.7333,130.2811,30.2,69,40,2.24
172,Provideniya,RU,2021-04-01 01:27:18,64.3833,-173.3,8.6,61,0,4.47
173,Thinadhoo,MV,2021-04-01 01:27:18,0.5333,72.9333,83.1,77,100,21.65
174,East London,ZA,2021-04-01 01:27:19,-33.0153,27.9116,66.33,79,25,8.48
175,Evensk,RU,2021-04-01 01:27:19,61.95,159.2333,21.69,84,91,5.79
176,Hong Kong,HK,2021-04-01 01:27:19,22.2855,114.1577,80.01,82,92,1.99
177,Amantea,IT,2021-04-01 01:27:20,39.1332,16.0746,51.8,100,75,2.3
178,São Filipe,CV,2021-04-01 01:27:20,14.8961,-24.4956,71.22,73,11,9.1
179,Santa Quitéria,BR,2021-04-01 01:27:20,-4.3319,-40.1567,73.13,92,100,2.46
180,Sydney,AU,2021-04-01 01:25:40,-33.8679,151.2073,73.99,77,32,1.99
181,Jasper,US,2021-04-01 01:27:21,37.2001,-94.3502,46.99,34,40,6.91
182,San Cristobal,VE,2021-04-01 01:27:21,7.7669,-72.225,77.0,94,40,4.61
183,Clyde River,CA,2021-04-01 01:27:21,70.4692,-68.5914,-13.0,77,20,11.5
184,Algiers,DZ,2021-04-01 01:26:42,36.7525,3.042,57.2,82,20,2.3
185,Hokitika,NZ,2021-04-01 01:27:22,-42.7167,170.9667,67.46,40,0,6.04
186,Bereket,TM,2021-04-01 01:27:22,39.2446,55.5154,49.91,40,12,21.77
187,Severo-Kuril'sk,RU,2021-04-01 01:27:22,50.6789,156.125,37.22,98,100,14.81
188,Yeppoon,AU,2021-04-01 01:27:23,-23.1333,150.7333,78.8,47,40,14.97
189,Lebu,CL,2021-04-01 01:27:23,-37.6167,-73.65,57.24,92,36,12.95
190,Vallenar,CL,2021-04-01 01:27:23,-28.5708,-70.7581,63.52,67,48,2.55
191,Al Bardīyah,LY,2021-04-01 01:27:24,31.7561,25.0865,53.55,63,0,21.61
192,Emirdağ,TR,2021-04-01 01:27:24,39.0197,31.15,35.29,99,100,3.09
193,Kashgar,CN,2021-04-01 01:27:24,39.4547,75.9797,42.8,61,40,11.18
194,Saint-Pierre,RE,2021-04-01 01:27:25,-21.3393,55.4781,78.8,78,0,9.22
195,Ribeira Grande,PT,2021-04-01 01:27:25,38.5167,-28.7,57.49,63,0,8.39
196,Port Lincoln,AU,2021-04-01 01:27:25,-34.7333,135.8667,78.39,37,5,5.06
197,Palmer,US,2021-04-01 01:27:26,42.1584,-72.3287,55.99,94,90,8.05
198,Mitú,CO,2021-04-01 01:27:26,1.1983,-70.1733,72.32,98,100,1.74
199,Halifax,CA,2021-04-01 01:23:51,44.6453,-63.5724,46.99,93,68,16.11
200,Okhotsk,RU,2021-04-01 01:27:26,59.3833,143.3,22.33,72,2,14.94
201,Uglekamensk,RU,2021-04-01 01:27:27,43.2172,133.2303,52.93,38,1,4.45
202,Slavutych,UA,2021-04-01 01:27:27,51.5196,30.7343,44.78,96,7,6.11
203,Grindavik,IS,2021-04-01 01:27:28,63.8424,-22.4338,41.0,87,90,17.27
204,Vardø,NO,2021-04-01 01:27:28,70.3705,31.1107,34.23,93,86,19.8
205,Mayumba,GA,2021-04-01 01:27:28,-3.432,10.6554,74.91,89,100,6.29
206,Coyhaique,CL,2021-04-01 01:27:28,-45.5752,-72.0662,53.6,66,90,6.91
207,Turriff,GB,2021-04-01 01:27:29,57.5384,-2.4593,37.99,60,100,1.01
208,Bathsheba,BB,2021-04-01 01:27:29,13.2167,-59.5167,77.0,65,40,20.71
209,Aguas Verdes,PE,2021-04-01 01:27:30,-3.4814,-80.245,74.41,79,49,3.94
210,Richards Bay,ZA,2021-04-01 01:27:30,-28.783,32.0377,72.46,84,100,9.24
211,Mackenzie,CA,2021-04-01 01:27:31,55.2999,-123.1698,39.2,65,90,8.05
212,Örnsköldsvik,SE,2021-04-01 01:27:31,63.2909,18.7153,33.8,75,0,11.5
213,Tevaitoa,PF,2021-04-01 01:27:31,-16.7833,-151.5,82.27,72,100,7.4
214,Valga,EE,2021-04-01 01:27:32,57.7778,26.0473,37.0,90,100,3.0
215,Tsiroanomandidy,MG,2021-04-01 01:27:32,-18.7667,46.0333,64.92,92,14,3.87
216,Pleasanton,US,2021-04-01 01:26:32,37.6624,-121.8747,81.0,13,1,8.05
217,Lagoa,PT,2021-04-01 01:27:33,39.05,-27.9833,56.52,63,0,9.6
218,Karaton,ID,2021-04-01 01:27:33,-6.3424,106.1045,78.8,83,40,10.36
219,Lithakia,GR,2021-04-01 01:27:33,37.7167,20.8333,41.0,81,0,3.44
220,Ulladulla,AU,2021-04-01 01:27:33,-35.35,150.4667,73.4,49,20,5.75
221,Bambous Virieux,MU,2021-04-01 01:27:34,-20.3428,57.7575,77.0,94,40,7.18
222,Seabra,BR,2021-04-01 01:27:34,-12.4186,-41.7703,77.0,69,0,2.3
223,Biak,ID,2021-04-01 01:27:35,-0.9131,122.8766,83.46,65,95,0.89
224,Tarko-Sale,RU,2021-04-01 01:27:35,64.9225,77.785,2.14,80,100,20.24
225,Marsh Harbour,BS,2021-04-01 01:27:35,26.5412,-77.0636,76.14,71,12,10.71
226,Saint George,US,2021-04-01 01:27:35,37.1041,-113.5841,71.01,6,1,3.44
227,Touros,BR,2021-04-01 01:27:36,-5.1989,-35.4608,78.8,89,40,3.44
228,Sur,OM,2021-04-01 01:23:01,22.5667,59.5289,79.88,39,26,5.19
229,Bac Lieu,VN,2021-04-01 01:27:36,9.285,105.7244,83.53,62,100,5.19
230,Arraial do Cabo,BR,2021-04-01 01:27:36,-22.9661,-42.0278,75.02,76,62,14.52
231,Liepāja,LV,2021-04-01 01:27:37,56.5419,21.0367,39.2,100,90,4.61
232,Lipari,IT,2021-04-01 01:27:37,38.4674,14.954,57.0,57,0,6.46
233,Vestmanna,FO,2021-04-01 01:27:37,62.1564,-7.1664,37.4,75,62,9.22
234,Naryan-Mar,RU,2021-04-01 01:27:38,67.6713,53.087,27.32,96,100,7.18
235,Shuya,RU,2021-04-01 01:27:38,56.8487,41.3883,36.18,99,100,6.98
236,Boyle,US,2021-04-01 01:27:39,37.6334,-84.8666,43.0,45,40,4.61
237,Nemuro,JP,2021-04-01 01:27:39,43.3236,145.575,48.2,53,20,11.5
238,Acapulco de Juárez,MX,2021-04-01 01:27:35,16.8634,-99.8901,82.4,78,1,9.22
239,Laas,IT,2021-04-01 01:27:39,46.6166,10.7002,52.0,75,0,5.75
240,Lompoc,US,2021-04-01 01:27:40,34.6391,-120.4579,66.99,52,0,12.66
241,Estância,BR,2021-04-01 01:27:40,-11.2683,-37.4383,82.4,78,75,14.97
242,Ahipara,NZ,2021-04-01 01:27:40,-35.1667,173.1667,66.43,80,51,11.83
243,Krasne,UA,2021-04-01 01:27:40,49.9145,24.6134,41.0,93,75,2.24
244,Riyadh,SA,2021-04-01 01:27:41,24.6877,46.7219,78.8,12,0,8.05
245,Petropavlovsk-Kamchatskiy,RU,2021-04-01 01:27:41,53.0452,158.6483,37.4,100,90,8.95
246,Kyzyl-Suu,KG,2021-04-01 01:27:41,42.3414,78.0056,28.02,47,62,8.52
247,Santa Cruz de la Sierra,BO,2021-04-01 01:25:07,-17.8,-63.1667,73.4,78,75,3.44
248,Garoowe,SO,2021-04-01 01:27:42,8.4054,48.4845,68.95,52,19,7.34
249,Surduc,RO,2021-04-01 01:27:42,47.25,23.35,41.0,100,20,2.3
250,Ternate,ID,2021-04-01 01:27:42,0.8,127.4,83.37,76,93,4.76
251,Benicarló,ES,2021-04-01 01:27:43,40.4165,0.4271,46.0,86,18,4.16
252,Churapcha,RU,2021-04-01 01:27:43,62.0025,132.4325,26.55,94,100,8.23
253,New Norfolk,AU,2021-04-01 01:27:43,-42.7826,147.0587,75.0,34,100,3.0
254,Manokwari,ID,2021-04-01 01:27:44,-0.8667,134.0833,82.85,69,100,2.89
255,Bengkulu,ID,2021-04-01 01:27:44,-3.8004,102.2655,77.67,76,100,11.03
256,Qaqortoq,GL,2021-04-01 01:27:44,60.7167,-46.0333,32.0,80,75,7.81
257,Mahébourg,MU,2021-04-01 01:27:45,-20.4081,57.7,77.0,94,40,7.09
258,Larap,PH,2021-04-01 01:27:46,14.299,122.6504,83.46,69,59,10.22
259,Rapid City,US,2021-04-01 01:27:46,44.0805,-103.231,46.4,21,1,8.05
260,Miandrivazo,MG,2021-04-01 01:27:46,-19.5167,45.4667,74.03,72,0,2.06
261,Castro,BR,2021-04-01 01:27:47,-24.7911,-50.0119,54.43,74,0,2.68
262,Weston,US,2021-04-01 01:24:56,26.1004,-80.3998,78.01,69,1,4.61
263,Dunda,TZ,2021-04-01 01:27:47,-8.1167,34.25,60.93,96,14,0.76
264,Cockburn Town,TC,2021-04-01 01:27:48,21.4612,-71.1419,77.0,73,40,17.27
265,Fare,PF,2021-04-01 01:27:49,-16.7,-151.0167,82.6,72,100,7.61
266,Abadan,TM,2021-04-01 01:27:49,38.0507,58.2056,48.2,53,20,9.22
267,Hay River,CA,2021-04-01 01:27:50,60.8156,-115.7999,32.0,80,100,4.61
268,Yerbogachën,RU,2021-04-01 01:27:50,61.2767,108.0108,8.53,87,100,7.65
269,Santa Luzia,BR,2021-04-01 01:27:50,-19.7697,-43.8514,73.4,73,20,3.44
270,Burns Lake,CA,2021-04-01 01:27:50,54.2331,-125.7533,42.8,39,100,14.97
271,Itaituba,BR,2021-04-01 01:27:51,-4.2761,-55.9836,77.0,100,40,2.3
272,Bilma,NE,2021-04-01 01:27:51,18.6853,12.9164,69.44,13,0,8.25
273,Khatanga,RU,2021-04-01 01:27:51,71.9667,102.5,-32.08,97,54,0.89
274,Tiksi,RU,2021-04-01 01:27:52,71.6872,128.8694,-7.92,98,100,10.76
275,Goderich,CA,2021-04-01 01:24:10,43.7501,-81.7165,32.0,80,100,12.66
276,Silver City,US,2021-04-01 01:27:52,32.7701,-108.2803,60.8,8,1,10.36
277,Sosnovo-Ozerskoye,RU,2021-04-01 01:27:52,52.5249,111.5418,19.63,75,100,3.2
278,Gizo Government Station,SB,2021-04-01 01:25:08,-8.103,156.8419,84.16,68,31,1.97
279,Aklavik,CA,2021-04-01 01:27:53,68.2191,-135.0107,3.2,72,100,8.05
280,Boké,GN,2021-04-01 01:27:54,10.9409,-14.2967,73.56,80,8,3.83
281,Erzurum Province,TR,2021-04-01 01:27:54,40.0,41.5,37.4,70,75,19.57
282,Guerrero Negro,MX,2021-04-01 01:27:55,27.9769,-114.0611,75.36,28,64,11.56
283,Flinders,AU,2021-04-01 01:27:55,-34.5833,150.8552,77.0,63,0,4.0
284,Bisert',RU,2021-04-01 01:27:56,56.8617,59.0523,28.06,93,100,14.61
285,Majene,ID,2021-04-01 01:27:56,-3.5403,118.9707,85.39,65,71,4.43
286,Grand Gaube,MU,2021-04-01 01:27:56,-20.0064,57.6608,75.99,85,14,3.0
287,Passo Fundo,BR,2021-04-01 01:27:56,-28.2628,-52.4067,53.82,86,0,6.96
288,Ituango,CO,2021-04-01 01:27:57,7.1712,-75.764,64.83,97,100,0.96
289,Geraldton,AU,2021-04-01 01:27:57,-28.7667,114.6,77.0,53,0,12.66
290,Zhengjiatun,CN,2021-04-01 01:27:57,43.5064,123.5064,58.37,25,100,13.35
291,Tayshet,RU,2021-04-01 01:27:58,55.9342,98.0044,20.07,82,100,9.35
292,Pangkalanbuun,ID,2021-04-01 01:24:17,-2.6833,111.6167,81.73,75,100,2.89
293,Estelle,US,2021-04-01 01:27:58,29.8458,-90.1067,61.0,88,90,18.41
294,Mnogovershinnyy,RU,2021-04-01 01:27:58,53.9353,139.9242,30.2,86,10,4.99
295,Adrar,MR,2021-04-01 01:27:59,20.5022,-10.0711,82.92,7,100,9.53
296,Nome,US,2021-04-01 01:27:59,64.5011,-165.4064,6.8,61,1,17.27
297,Dhidhdhoo,MV,2021-04-01 01:27:59,6.8833,73.1,84.38,70,6,9.82
298,Santiago del Estero,AR,2021-04-01 01:28:00,-27.7951,-64.2615,74.19,51,100,11.27
299,Saldanha,ZA,2021-04-01 01:28:00,-33.0117,17.9442,60.8,82,100,5.75
300,Linhares,BR,2021-04-01 01:28:00,-19.3911,-40.0722,73.65,94,100,2.66
301,Paamiut,GL,2021-04-01 01:28:01,61.994,-49.6678,30.18,76,100,23.89
302,Derzhavīnsk,KZ,2021-04-01 01:28:01,51.1,66.3167,3.51,99,81,6.33
303,Champerico,GT,2021-04-01 01:28:01,14.3,-91.9167,86.0,66,75,4.61
304,Tilichiki,RU,2021-04-01 01:28:02,60.4667,166.1,28.08,93,100,3.15
305,Chapais,CA,2021-04-01 01:28:02,49.7834,-74.8492,19.4,79,90,8.05
306,Shetpe,KZ,2021-04-01 01:28:02,44.1667,52.1167,40.78,52,0,14.61
307,Rio Branco do Sul,BR,2021-04-01 01:28:03,-25.19,-49.3142,59.0,88,0,2.3
308,Basco,PH,2021-04-01 01:28:03,20.4487,121.9702,81.52,79,21,12.08
309,Nanortalik,GL,2021-04-01 01:28:03,60.1432,-45.2371,33.8,90,100,8.88
310,Kaohsiung City,TW,2021-04-01 01:24:53,22.6163,120.3133,84.99,65,75,2.3
311,Lethem,GY,2021-04-01 01:28:04,3.3803,-59.7968,81.14,62,100,12.37
312,Risør,NO,2021-04-01 01:28:04,58.7206,9.2342,37.0,95,100,4.0
313,Arinos,BR,2021-04-01 01:28:04,-15.9169,-46.1056,71.73,72,8,2.57
314,Kloulklubed,PW,2021-04-01 01:28:05,7.0419,134.2556,84.2,79,75,5.75
315,Banda Aceh,ID,2021-04-01 01:27:42,5.5577,95.3222,79.36,82,100,16.53
316,Dzilam González,MX,2021-04-01 01:28:05,21.2833,-88.9333,79.83,72,100,11.3
317,Makkah al Mukarramah,SA,2021-04-01 01:24:09,21.4267,39.8261,73.33,60,16,4.79
318,Tornio,FI,2021-04-01 01:28:05,65.8481,24.1466,33.8,69,0,9.22
319,Hobyo,SO,2021-04-01 01:28:06,5.3505,48.5268,79.41,74,13,7.96
320,Kawalu,ID,2021-04-01 01:28:06,-7.3817,108.2082,78.78,80,76,0.29
321,Kulhudhuffushi,MV,2021-04-01 01:28:06,6.6221,73.07,84.29,70,9,10.6
322,Saint Anthony,US,2021-04-01 01:28:07,45.0205,-93.218,30.99,37,1,9.22
323,Prince George,CA,2021-04-01 01:28:07,53.9166,-122.753,46.0,56,90,10.36
324,Madison,US,2021-04-01 01:28:07,34.7334,-86.5667,48.99,49,20,8.05
325,Hambantota,LK,2021-04-01 01:28:08,6.1241,81.1185,77.0,100,20,3.44
326,Thompson,CA,2021-04-01 01:28:08,55.7435,-97.8558,26.6,46,75,8.05
327,Zlobin,HR,2021-04-01 01:28:09,45.2924,14.6541,55.4,67,0,3.71
328,Vanimo,PG,2021-04-01 01:28:09,-2.6741,141.3028,85.1,65,70,1.41
329,Vaitape,PF,2021-04-01 01:28:09,-16.5167,-151.75,82.63,70,100,6.31
330,Shenjiamen,CN,2021-04-01 01:28:10,29.9576,122.298,59.45,99,100,3.11
331,Vao,NC,2021-04-01 01:28:10,-22.6667,167.4833,75.34,79,100,17.29
332,Monroe,US,2021-04-01 01:28:10,43.1501,-77.6831,44.01,87,40,11.27
333,Vychegodskiy,RU,2021-04-01 01:28:10,61.247,46.8984,32.77,98,100,4.74
334,Emerald,AU,2021-04-01 01:28:11,-23.5333,148.1667,80.6,44,0,14.97
335,Kortkeros,RU,2021-04-01 01:28:11,61.8106,51.5806,33.8,100,40,6.71
336,Ürümqi,CN,2021-04-01 01:28:09,43.801,87.6005,37.4,81,0,4.47
337,Fort Nelson,CA,2021-04-01 01:28:12,58.8053,-122.7002,46.4,27,90,2.3
338,Los Llanos de Aridane,ES,2021-04-01 01:28:12,28.6585,-17.9182,64.4,68,3,6.91
339,Tsimmerbude,RU,2021-04-01 01:28:12,54.675,20.1347,42.01,81,0,4.47
340,Xinqing,CN,2021-04-01 01:28:13,48.2333,129.5,47.14,41,7,7.31
341,North Platte,US,2021-04-01 01:25:19,41.1239,-100.7654,43.0,26,1,8.05
342,Les Herbiers,FR,2021-04-01 01:28:13,46.8667,-1.0167,60.8,51,0,6.91
343,Mulegé,MX,2021-04-01 01:28:14,26.8833,-111.9833,73.56,32,43,9.6
344,Labuhan,ID,2021-04-01 01:28:14,-6.8844,112.2051,80.2,83,98,5.93
345,Kiama,AU,2021-04-01 01:24:31,-34.6833,150.8667,73.4,49,20,5.75
346,Nkhotakota,MW,2021-04-01 01:28:14,-12.9274,34.2961,70.12,87,28,8.05
347,Riviere-au-Renard,CA,2021-04-01 01:28:14,48.9957,-64.3971,51.8,71,90,9.22
348,Kachīry,KZ,2021-04-01 01:28:15,53.0675,76.1036,3.29,98,78,6.6
349,Khandyga,RU,2021-04-01 01:28:15,62.6667,135.6,18.52,88,100,3.85
350,Taltal,CL,2021-04-01 01:28:15,-25.4,-70.4833,65.03,76,0,4.65
351,Tiarei,PF,2021-04-01 01:28:16,-17.5333,-149.3333,89.6,62,40,5.75
352,Kaeo,NZ,2021-04-01 01:28:16,-35.1,173.7833,70.0,87,66,8.99
353,Sitka,US,2021-04-01 01:28:16,57.0531,-135.33,37.4,81,90,11.5
354,Pingliang,CN,2021-04-01 01:28:17,35.5392,106.6861,41.32,80,100,15.21
355,Waipawa,NZ,2021-04-01 01:28:17,-41.4122,175.5153,59.0,67,75,27.63
356,Road Town,VG,2021-04-01 01:28:17,18.4167,-64.6167,78.8,73,40,14.97
357,Iskateley,RU,2021-04-01 01:28:18,67.6803,53.1512,27.63,96,100,7.16
358,Sambava,MG,2021-04-01 01:28:18,-14.2667,50.1667,76.1,89,69,9.73
359,Yangi Marg`ilon,UZ,2021-04-01 01:28:18,40.4272,71.7189,46.4,61,40,11.5
360,Zhuhai,CN,2021-04-01 01:28:18,22.2769,113.5678,82.99,83,40,11.5
361,Vila,PT,2021-04-01 01:28:19,42.0304,-8.1588,73.4,28,0,3.44
362,Berbera,SO,2021-04-01 01:28:19,10.4396,45.0143,76.66,68,100,2.75
363,Kavaratti,IN,2021-04-01 01:28:20,10.5669,72.642,83.3,71,43,13.85
364,Orlik,RU,2021-04-01 01:28:20,52.5178,99.825,6.57,86,18,0.96
365,Tautira,PF,2021-04-01 01:28:20,-17.7333,-149.15,89.6,62,40,5.75
366,Birao,CF,2021-04-01 01:28:21,10.2849,22.7882,74.66,17,98,5.66
367,Paranaíba,BR,2021-04-01 01:28:21,-19.6772,-51.1908,76.73,53,89,4.88
368,Nikolskoye,RU,2021-04-01 01:28:21,59.7035,30.7861,35.01,93,0,4.47
369,Picota,PE,2021-04-01 01:28:22,-6.9197,-76.3304,77.0,88,75,3.44
370,Zhigansk,RU,2021-04-01 01:28:22,66.7697,123.3711,11.19,75,100,6.73
371,Sabancuy,MX,2021-04-01 01:28:22,18.9667,-91.1833,79.88,80,27,16.28
372,Assiut,EG,2021-04-01 01:28:23,27.181,31.1837,51.8,66,0,4.99
373,Kalangala,UG,2021-04-01 01:27:13,-0.3089,32.225,68.0,94,20,11.07
374,Khandela,IN,2021-04-01 01:28:23,27.6,75.5,64.36,15,0,5.39
375,Port Hedland,AU,2021-04-01 01:28:23,-20.3167,118.5667,93.2,22,0,16.11
376,Plouzané,FR,2021-04-01 01:28:24,48.3833,-4.6167,57.2,67,0,2.3
377,Nueva Loja,EC,2021-04-01 01:28:24,0.0847,-76.8828,67.87,98,92,1.79
378,Isangel,VU,2021-04-01 01:28:24,-19.55,169.2667,84.2,84,90,11.39
379,Plymouth,US,2021-04-01 01:28:25,41.8334,-70.8328,57.2,77,90,9.22
380,Bull Savanna,JM,2021-04-01 01:28:25,17.8868,-77.5902,75.15,79,5,8.75
381,Ketchikan,US,2021-04-01 01:28:25,55.3422,-131.6461,41.0,93,90,23.02
382,Cap-aux-Meules,CA,2021-04-01 01:28:25,47.3821,-61.8597,42.8,81,100,18.41
383,Werota,ET,2021-04-01 01:28:26,11.9167,37.7,68.14,64,38,1.39
384,Leopold,AU,2021-04-01 01:28:26,-38.1833,144.4667,77.0,41,74,5.75
385,Ndélé,CF,2021-04-01 01:28:27,8.4109,20.6473,76.08,24,7,2.3
386,Brae,GB,2021-04-01 01:28:27,60.3964,-1.353,33.8,69,20,8.05
387,Shimanovsk,RU,2021-04-01 01:28:27,52.0,127.7,40.96,49,17,11.74
388,Chicama,PE,2021-04-01 01:28:28,-7.8447,-79.1469,68.0,88,40,9.22
389,Polunochnoye,RU,2021-04-01 01:28:28,60.8697,60.4153,23.23,95,86,4.88
390,Mayo,US,2021-04-01 01:28:29,38.8876,-76.5119,57.99,100,75,1.7
391,Oussouye,SN,2021-04-01 01:28:29,12.485,-16.5469,71.6,83,0,4.61
392,Port Keats,AU,2021-04-01 01:28:29,-14.25,129.55,81.77,64,100,10.49
393,Villa Vicente Guerrero,MX,2021-04-01 01:28:30,19.1194,-98.1708,69.8,17,40,9.22
394,Srednekolymsk,RU,2021-04-01 01:28:30,67.45,153.6833,10.09,77,100,8.59
395,Rawson,AR,2021-04-01 01:27:31,-43.3002,-65.1023,58.66,91,100,16.35
396,Santa Rosa,PH,2021-04-01 01:28:30,14.3122,121.1114,88.0,58,20,8.05
397,Faanui,PF,2021-04-01 01:28:31,-16.4833,-151.75,82.67,70,100,6.31
398,Inuvik,CA,2021-04-01 01:28:31,68.3499,-133.7218,3.2,72,100,8.05
399,Bose,IT,2021-04-01 01:28:31,45.4612,8.0137,59.0,68,64,1.99
400,Mago,RU,2021-04-01 01:28:32,53.2514,140.1822,30.83,90,94,4.12
401,Kincardine,GB,2021-04-01 01:28:32,56.0667,-3.7167,41.0,87,90,13.8
402,Djambala,CG,2021-04-01 01:28:32,-2.5447,14.7533,66.61,96,90,4.25
403,Upington,ZA,2021-04-01 01:28:32,-28.4478,21.2561,71.6,56,75,8.05
404,Nsanje,MW,2021-04-01 01:28:33,-16.92,35.262,65.43,88,15,2.33
405,Celestún,MX,2021-04-01 01:28:33,20.8667,-90.4,79.07,78,49,19.33
406,Tura,IN,2021-04-01 01:28:33,25.5198,90.2201,72.09,88,14,5.41
407,Wanlaweyn,SO,2021-04-01 01:28:34,2.6185,44.8938,78.1,78,40,4.81
408,Pacific Grove,US,2021-04-01 01:24:04,36.6177,-121.9166,78.8,17,1,6.91
409,Huarmey,PE,2021-04-01 01:28:34,-10.0681,-78.1522,70.18,85,8,7.78
410,Parnamirim,BR,2021-04-01 01:24:45,-5.9156,-35.2628,80.6,78,20,8.05
411,Jérémie,HT,2021-04-01 01:28:35,18.65,-74.1167,77.05,80,1,3.22
412,Olafsvik,IS,2021-04-01 01:28:35,64.8945,-23.7142,41.04,90,100,23.15
413,Terracina,IT,2021-04-01 01:28:35,41.2863,13.2217,57.0,60,4,4.0
414,Poum,NC,2021-04-01 01:28:35,-20.2333,164.0167,79.23,71,100,9.28
415,Flin Flon,CA,2021-04-01 01:28:36,54.7682,-101.865,28.08,90,100,9.1
416,Hollins,US,2021-04-01 01:28:36,37.3413,-79.9431,59.0,77,90,16.11
417,Griffith,US,2021-04-01 01:28:36,41.5284,-87.4237,37.99,41,90,11.5
418,San Policarpo,PH,2021-04-01 01:28:37,12.1791,125.5072,82.27,69,99,12.15
419,Ishigaki,JP,2021-04-01 01:28:37,24.3448,124.1572,80.6,89,40,12.66
420,Barkhan,PK,2021-04-01 01:28:38,29.8977,69.5256,65.21,11,0,16.73
421,Salinópolis,BR,2021-04-01 01:28:39,-0.6136,-47.3561,77.83,85,100,5.53
422,Xuchang,CN,2021-04-01 01:28:39,34.0167,113.8167,55.4,67,90,2.24
423,Carnarvon,AU,2021-04-01 01:28:39,-24.8667,113.6333,84.2,70,0,10.36
424,Marzuq,YE,2021-04-01 01:28:39,14.4,46.4667,66.2,19,31,4.61
425,Kavieng,PG,2021-04-01 01:28:40,-2.5744,150.7967,83.79,69,24,3.0
426,Kabare,CD,2021-04-01 01:26:10,-2.4683,28.8242,58.87,96,70,0.92
427,Agadez,NE,2021-04-01 01:28:40,19.75,10.25,66.94,13,0,7.85
428,Širvintos,LT,2021-04-01 01:28:41,55.05,24.95,39.0,70,0,4.61
429,Northam,GB,2021-04-01 01:28:41,51.0333,-4.2167,51.01,90,100,1.99
430,Newtownards,GB,2021-04-01 01:28:41,54.5924,-5.6909,46.0,93,90,9.22
431,Amga,RU,2021-04-01 01:28:42,60.8953,131.9608,27.84,89,100,4.56
432,Porto-Novo,BJ,2021-04-01 01:28:42,6.4965,2.6036,84.2,84,40,11.5
433,Scarborough,GB,2021-04-01 01:28:42,54.2797,-0.4044,44.01,93,100,7.0
434,Iqaluit,CA,2021-04-01 01:28:42,63.7506,-68.5145,-4.0,71,75,18.41
435,Manta,EC,2021-04-01 01:27:04,-0.95,-80.7333,78.8,78,40,6.91
436,Fort-Shevchenko,KZ,2021-04-01 01:28:43,44.5086,50.263,45.93,50,5,18.7
437,Shimoda,JP,2021-04-01 01:28:43,34.6667,138.95,60.8,77,75,11.5
438,Manggar,ID,2021-04-01 01:28:44,-2.8833,108.2667,81.46,79,100,6.82
439,Esperance,AU,2021-04-01 01:28:44,-33.8667,121.9,69.8,73,4,6.91
440,Ferrol,ES,2021-04-01 01:24:34,43.4832,-8.2369,68.0,52,0,4.61
441,Puerto Carreño,CO,2021-04-01 01:28:44,6.189,-67.4859,81.72,69,97,5.7
442,Avilés,ES,2021-04-01 01:28:45,43.5547,-5.9248,69.8,30,0,4.61
443,Makar'yev,RU,2021-04-01 01:28:45,57.8797,43.8069,34.34,97,100,9.37
444,Juruti,BR,2021-04-01 01:28:45,-2.1522,-56.0922,75.06,93,100,1.7
445,Saraland,US,2021-04-01 01:28:46,30.8207,-88.0706,57.99,94,100,5.99
446,Carutapera,BR,2021-04-01 01:28:46,-1.195,-46.02,75.69,93,100,3.89
447,Zhezkazgan,KZ,2021-04-01 01:28:46,47.8043,67.7144,17.08,83,5,12.01
448,Buala,SB,2021-04-01 01:28:47,-8.145,159.5921,83.19,75,100,2.89
449,Mogadishu,SO,2021-04-01 01:28:47,2.0371,45.3438,80.26,77,59,8.32
450,Tiznit Province,MA,2021-04-01 01:28:47,29.5833,-9.5,60.31,61,0,2.26
451,Kota Kinabalu,MY,2021-04-01 01:28:48,5.9749,116.0724,84.2,70,20,3.44
452,El Alto,PE,2021-04-01 01:28:48,-4.2714,-81.2147,69.94,75,16,12.21
453,Vila do Maio,CV,2021-04-01 01:28:49,15.1333,-23.2167,68.0,77,75,12.66
454,Onega,RU,2021-04-01 01:28:49,63.9061,38.1404,32.16,98,100,11.97
455,Binzhou,CN,2021-04-01 01:28:49,37.3667,118.0167,59.0,33,100,3.0
456,Cairns,AU,2021-04-01 01:28:50,-16.9167,145.7667,84.99,61,75,24.16
457,Matara,LK,2021-04-01 01:28:50,5.9485,80.5353,78.15,88,20,6.89
458,Sakakah,SA,2021-04-01 01:28:51,29.9697,40.2064,53.6,47,0,4.61
459,Ballina,AU,2021-04-01 01:28:51,-28.8667,153.5667,68.0,88,75,10.36
460,Chalmette,US,2021-04-01 01:28:51,29.9427,-89.9634,61.0,77,90,13.8
461,Tumwater,US,2021-04-01 01:28:53,47.0073,-122.9093,62.6,31,1,5.75
462,Mushie,CD,2021-04-01 01:28:53,-3.0167,16.9,71.2,90,100,2.68
463,Coquimbo,CL,2021-04-01 01:28:54,-29.9533,-71.3436,59.0,88,75,3.44
464,Jiaojiang,CN,2021-04-01 01:28:54,28.6803,121.4428,72.0,88,100,3.11
465,Black Forest,US,2021-04-01 01:28:54,39.0131,-104.7008,44.6,21,1,12.66
466,Beïnamar,TD,2021-04-01 01:28:55,8.6698,15.3813,75.88,14,36,4.9
467,Oranjemund,NA,2021-04-01 01:28:55,-28.55,16.4333,61.52,97,27,9.51
468,Mkushi,ZM,2021-04-01 01:28:56,-13.6202,29.3939,58.3,98,31,4.09
469,Teguise,ES,2021-04-01 01:28:57,29.0605,-13.564,62.6,82,0,5.75
470,Sorong,ID,2021-04-01 01:28:57,-0.8833,131.25,83.93,70,18,2.01
471,Faya,SA,2021-04-01 01:28:57,18.3851,42.4509,62.6,51,0,4.61
472,Bubaque,GW,2021-04-01 01:28:58,11.2833,-15.8333,76.37,71,0,19.42
473,Xichang,CN,2021-04-01 01:28:58,27.8964,102.2634,61.2,56,6,3.09
474,Albion,US,2021-04-01 01:28:58,42.2431,-84.753,34.0,55,90,6.91
475,North Bend,US,2021-04-01 01:28:58,43.4065,-124.2243,64.99,63,1,4.61
476,Dingle,PH,2021-04-01 01:28:59,10.9995,122.6711,83.37,73,100,12.8
477,Ponta Delgada,PT,2021-04-01 01:28:59,37.7333,-25.6667,55.4,82,20,8.05
478,Carnot,CF,2021-04-01 01:28:59,4.9409,15.8665,68.32,33,98,1.19
479,Lichtenburg,ZA,2021-04-01 01:29:00,-26.152,26.1597,58.6,66,27,3.38
480,Agüimes,ES,2021-04-01 01:29:00,27.9054,-15.4461,68.0,77,40,10.36
481,Pike Creek,US,2021-04-01 01:29:00,39.7309,-75.7041,57.99,94,75,3.44
482,Zyryanka,RU,2021-04-01 01:29:00,65.75,150.85,12.67,81,97,10.11
483,Stejari,RO,2021-04-01 01:29:01,44.7667,23.6833,48.0,81,0,6.91
484,Misratah,LY,2021-04-01 01:29:01,32.3754,15.0925,60.01,63,0,8.61
485,Ingham,US,2021-04-01 01:29:02,42.6,-84.3833,34.0,55,90,10.36
486,Novoil'insk,RU,2021-04-01 01:29:02,51.6829,108.7143,29.77,56,100,2.68
487,Padang,ID,2021-04-01 01:29:02,-0.9492,100.3543,77.0,78,75,4.61
488,Leh,IN,2021-04-01 01:29:03,34.1667,77.5833,25.92,47,25,4.45
489,Zuwārah,LY,2021-04-01 01:29:03,32.9312,12.082,59.4,67,0,9.69
490,Nouadhibou,MR,2021-04-01 01:29:03,20.931,-17.0347,64.4,82,0,18.41
491,Bozhou,CN,2021-04-01 01:29:04,33.8772,115.7703,48.87,93,100,9.62
492,Peleduy,RU,2021-04-01 01:29:04,59.6289,112.7406,25.72,88,100,11.68
493,Raudeberg,NO,2021-04-01 01:29:05,61.9875,5.1352,37.0,93,100,14.79
494,Marabu,MY,2021-04-01 01:29:05,4.4148,114.0089,82.4,83,40,4.61
495,São João da Barra,BR,2021-04-01 01:29:05,-21.6403,-41.0511,72.81,89,100,7.0
496,Popondetta,PG,2021-04-01 01:29:06,-8.7537,148.2534,87.82,55,100,4.41
497,Chara,RU,2021-04-01 01:29:06,56.9064,118.2631,12.15,70,75,1.1
498,Opportunity,US,2021-04-01 01:29:06,47.6499,-117.2399,57.99,26,1,8.05
499,Altoona,US,2021-04-01 01:29:07,40.5187,-78.3947,45.0,85,100,10.09
500,Mount Gambier,AU,2021-04-01 01:29:07,-37.8333,140.7667,78.8,31,49,12.66
501,Balabac,PH,2021-04-01 01:29:07,7.9868,117.0645,78.1,87,100,3.4
502,Belaya Gora,RU,2021-04-01 01:29:08,68.5333,146.4167,6.51,88,67,4.23
503,Gouyave,GD,2021-04-01 01:29:08,12.1646,-61.7296,78.8,78,40,13.8
504,Turtas,RU,2021-04-01 01:29:08,58.9417,69.1325,30.85,80,100,12.77
505,Kosovo Polje,XK,2021-04-01 01:29:08,42.6394,21.0961,44.01,75,0,2.46
506,Ambāgarh Chauki,IN,2021-04-01 01:29:09,20.7833,80.7167,77.45,22,7,5.23
507,Poso,ID,2021-04-01 01:29:09,-1.3959,120.7524,84.04,67,100,1.32
508,Kruisfontein,ZA,2021-04-01 01:29:09,-34.0033,24.7314,64.0,75,100,1.01
509,Roanoke Rapids,US,2021-04-01 01:29:10,36.4615,-77.6542,59.0,100,40,4.05
510,Sasolburg,ZA,2021-04-01 01:29:10,-26.8136,27.817,57.87,65,12,3.62
511,Mount Isa,AU,2021-04-01 01:29:10,-20.7333,139.5,86.0,32,40,17.27
512,Klaksvík,FO,2021-04-01 01:29:11,62.2266,-6.589,37.4,75,25,9.22
513,Tabou,CI,2021-04-01 01:29:11,4.423,-7.3528,78.57,88,59,6.62
514,Koppies,ZA,2021-04-01 01:29:11,-27.2418,27.5742,58.32,75,37,1.95
515,Kilgore,US,2021-04-01 01:29:12,32.3863,-94.8758,54.0,43,1,3.44
516,Aripuanã,BR,2021-04-01 01:29:12,-9.1667,-60.6333,72.54,97,93,1.79
517,Igarka,RU,2021-04-01 01:29:12,67.4667,86.5833,-18.26,100,100,5.93
518,Manama,BH,2021-04-01 01:29:12,26.2154,50.5832,73.4,60,0,4.61
519,Along,IN,2021-04-01 01:29:13,28.1667,94.7667,61.5,94,100,2.33
520,Byron Bay,AU,2021-04-01 01:29:13,-28.65,153.6167,68.0,88,75,10.36
521,Victor Harbor,AU,2021-04-01 01:29:14,-35.5667,138.6167,86.0,29,0,3.11
522,Roald,NO,2021-04-01 01:29:14,62.5833,6.1333,39.2,81,90,6.91
523,Sakaiminato,JP,2021-04-01 01:29:14,35.55,133.2333,60.8,48,20,24.16
524,Wewak,PG,2021-04-01 01:29:15,-3.5534,143.6268,85.64,64,56,3.24
525,Aksarka,RU,2021-04-01 01:29:15,66.5606,67.7975,16.65,94,100,11.74
526,Metro,ID,2021-04-01 01:29:15,-5.1131,105.3067,75.61,93,100,1.63
527,Porto San Giorgio,IT,2021-04-01 01:29:15,43.1827,13.7934,54.0,81,0,3.44
528,Thanh Hoa,VN,2021-04-01 01:29:16,19.8,105.7667,79.92,77,41,5.19
529,Santa Rosa del Sur,CO,2021-04-01 01:29:16,7.9644,-74.0544,74.53,81,100,2.64
530,Latung,PH,2021-04-01 01:29:16,5.5,120.8833,82.6,77,100,15.52
531,Katsuura,JP,2021-04-01 01:29:17,35.1333,140.3,66.2,59,75,8.05
532,El Dorado,US,2021-04-01 01:29:17,38.7666,-120.5177,71.01,26,0,1.63
533,Skibbereen,IE,2021-04-01 01:29:17,51.55,-9.2667,44.6,100,75,8.05
534,Pionerskiy,RU,2021-04-01 01:29:18,54.9508,20.2275,42.01,81,0,4.47
535,Asău,RO,2021-04-01 01:29:18,46.4333,26.4,46.0,49,100,2.57
536,Pisco,PE,2021-04-01 01:29:18,-13.7,-76.2167,68.0,77,0,17.27
537,Laela,TZ,2021-04-01 01:29:19,-8.5667,32.05,58.03,97,97,3.56
538,Santa Isabel Rio Negro,BR,2021-04-01 01:29:19,-0.4139,-65.0192,73.45,98,100,1.63
539,Marawi,PH,2021-04-01 01:29:19,7.9986,124.2928,82.0,84,99,3.0
540,Kyshtovka,RU,2021-04-01 01:29:19,56.555,76.6271,13.77,94,85,10.4
541,Arni,IN,2021-04-01 01:29:20,12.6667,79.2833,79.16,57,11,3.38
542,Bartlesville,US,2021-04-01 01:29:20,36.7473,-95.9808,51.01,37,1,3.44
543,Wadi Maliz,TN,2021-04-01 01:29:21,36.4681,8.5495,51.8,87,20,2.3
544,Tubualá,PA,2021-04-01 01:29:21,9.5167,-79.0333,84.2,65,20,3.44
545,Korla,CN,2021-04-01 01:29:21,41.7597,86.1469,43.99,65,96,4.25
546,Gemena,CD,2021-04-01 01:29:22,3.25,19.7667,74.25,79,100,2.62
547,Oranjestad,AW,2021-04-01 01:27:26,12.524,-70.027,80.01,83,20,20.71
548,Biltine,TD,2021-04-01 01:29:22,14.5333,20.9167,72.95,14,1,7.9
549,Juneau,US,2021-04-01 01:29:23,58.3019,-134.4197,37.4,87,90,10.36
550,Kasempa,ZM,2021-04-01 01:29:23,-13.4584,25.8338,58.75,97,19,4.56
551,Chuguyevka,RU,2021-04-01 01:29:24,44.1653,133.8633,47.1,53,2,5.82
552,Zonguldak,TR,2021-04-01 01:29:24,41.25,31.8333,38.75,96,100,1.45
553,Tongliao,CN,2021-04-01 01:29:24,43.6125,122.2653,55.26,29,100,12.24
554,Bulawayo,ZW,2021-04-01 01:29:24,-20.15,28.5833,56.23,66,87,5.23
555,Verkhnevilyuysk,RU,2021-04-01 01:29:25,63.4453,120.3167,16.57,88,71,4.59
556,Mossamedes,AO,2021-04-01 01:29:25,-15.1961,12.1522,74.46,83,52,3.38
557,Florianópolis,BR,2021-04-01 01:29:25,-27.6146,-48.5012,73.99,64,0,14.97
558,Anadyr,RU,2021-04-01 01:29:26,64.75,177.4833,8.6,72,20,13.42
559,New Amsterdam,GY,2021-04-01 01:29:26,6.25,-57.5167,75.6,85,10,5.35
560,Esim,GH,2021-04-01 01:29:26,4.8699,-2.2405,79.0,88,52,6.8
561,Cap Malheureux,MU,2021-04-01 01:29:27,-19.9842,57.6142,75.99,85,12,3.0
562,Seryshevo,RU,2021-04-01 01:29:27,51.0933,128.3786,44.8,57,36,13.35
563,Maracaí,BR,2021-04-01 01:29:28,-22.6106,-50.6672,64.6,63,0,3.36
564,Sault Ste. Marie,CA,2021-04-01 01:29:28,46.5168,-84.3333,24.8,50,90,13.8
565,Bandarbeyla,SO,2021-04-01 01:29:28,9.4942,50.8122,74.86,69,33,2.04
